"","ASV0004","ASV0007","ASV0009","ASV0010","ASV0012","ASV0016","ASV0017","ASV0022","ASV0025","ASV0051","ASV0059","ASV0063","ASV0066","ASV0069","ASV0072","ASV0093","ASV0095","ASV0102","ASV0105","ASV0111","ASV0116","ASV0117","ASV0123","ASV0146","ASV0155","ASV0162","ASV0167","ASV0175","ASV0179","ASV0180","ASV0218","ASV0238","ASV0239","ASV0277","ASV0278","ASV0281","ASV0282","ASV0286","ASV0311","ASV0322","ASV0333","ASV0338","ASV0368","ASV0383","ASV0386","ASV0398","ASV0412","ASV0432","ASV0433","ASV0436","ASV0466","ASV0474","ASV0521","ASV0527","ASV0528","ASV0534","ASV0545","ASV0578","ASV0580","ASV0583","ASV0613","ASV0634","ASV0665","ASV0752","ASV0786","ASV0868","ASV0938"
"LB10",0,0,0,0,0,0,0,0,0,0,0.00143810048344655,0,0,0,0,0,0,0,0,0,0,0,0,0,0,0,0,0,0,0,0,0,0,0,0,0,0,0,0.00345756073679701,0,0,0,0,0,0,0,0,0,0,0,0,0,0,0,0,0,0,0,0,0,0,0,0,0,0,0,0
"LB11",0.00661267172442075,0,0,0.00932950584375641,0,0,0,0,0,0,0,0,0.00307566126717244,0,0,0,0.00635636661882305,0.00825302440024605,0,0,0,0,0,0,0,0,0,0,0,0,0,0,0,0,0,0,0,0,0.00558745130202994,0,0,0,0,0,0,0,0,0,0,0,0,0,0,0,0,0,0,0,0,0,0,0,0,0,0,0,0
"LB12",0,0,0,0.00948599161703066,0,0,0,0,0,0,0,0,0,0,0,0,0,0.00110302228105008,0,0,0,0,0,0,0,0,0,0,0,0,0,0,0,0,0,0,0,0,0.00492683285535701,0,0,0,0,0,0,0,0,0,0,0,0,0,0,0,0,0,0,0,0,0,0,0,0,0,0,0,0
"LB14",0,0,0,0.0144568360181743,0,0,0,0,0,0,0,0,0,0,0,0,0,0,0,0,0,0,0,0,0,0,0,0,0,0,0,0,0,0,0,0,0,0,0,0,0,0,0,0,0,0,0,0,0,0,0,0,0,0,0,0,0,0,0,0,0,0,0,0,0,0,0
"LB18",0,0,0,0.00502938517179023,0,0,0,0,0,0,0,0,0,0,0,0,0,0,0,0,0,0,0,0,0,0,0,0,0,0,0,0,0,0,0,0,0,0,0,0,0,0,0,0,0,0,0,0,0,0,0,0,0,0,0,0,0,0,0,0,0,0,0,0,0,0,0
"LB19",0,0.00115578507315874,0,0.00118037624492807,0,0,0,0,0,0,0.0021886142874708,0,0,0,0,0,0,0,0,0,0,0,0,0,0,0,0,0,0,0,0,0,0,0,0,0,0,0,0.00263125537931882,0,0,0,0,0,0,0,0,0,0,0,0,0,0,0,0,0,0,0,0,0,0,0,0,0,0,0,0
"LB20",0,0,0.00269038188476198,0.00176867697979722,0,0,0,0,0,0,0,0,0,0,0,0,0,0,0,0,0,0,0,0,0,0,0,0,0,0,0,0,0,0,0,0,0,0,0.00308895697880079,0,0,0,0,0,0,0,0,0,0,0,0,0,0,0,0,0,0,0,0,0,0,0,0,0,0,0,0
"LB21",0,0,0.00142045454545455,0,0,0,0,0,0,0,0.0017701048951049,0,0,0,0,0,0,0,0,0,0,0,0,0,0,0,0,0,0,0,0,0,0,0,0,0,0,0,0.00336538461538462,0,0,0,0,0,0,0,0,0,0,0,0,0,0,0,0,0,0,0,0,0,0,0,0,0,0,0,0
"LB22",0,0,0,0.00375831654505748,0,0,0,0,0,0,0,0,0,0,0,0,0,0,0,0,0,0,0,0,0,0,0,0,0,0,0,0,0,0,0,0,0,0,0,0,0,0,0,0,0,0,0,0,0,0,0,0,0,0,0,0,0,0,0,0,0,0,0,0,0,0,0
"LB25",0,0,0,0,0,0,0,0,0,0,0,0,0,0,0,0,0,0,0,0,0,0,0,0,0,0,0,0,0,0,0,0,0,0,0,0,0,0,0.00124196376388077,0,0,0,0,0,0,0,0,0,0,0,0,0,0,0,0,0,0,0,0,0,0,0,0,0,0,0,0
"LB26",0,0,0,0,0,0,0,0,0,0,0.00149993092423375,0,0,0,0,0,0,0,0,0,0,0,0,0,0,0,0,0,0,0,0,0,0,0,0,0,0,0,0.00221042451992342,0,0,0,0,0,0,0,0,0,0,0,0,0,0,0,0,0,0,0,0,0,0,0,0,0,0,0,0
"LB27",0.0503825823383728,0.00356707204376594,0.0119210438768344,0.00966621077144864,0.0116622925368721,0.0233615495508816,0,0.0246368240121243,0.00255054892248549,0.0075592355746128,0.00216242191254205,0.00382582338372824,0.00245813772964181,0.00319742727239123,0.00170036594832366,0.00188518833401102,0,0,0,0,0.00201456400399216,0.00160795475547998,0,0.00482386426643995,0,0,0,0.00168188370975493,0,0,0,0,0,0,0,0,0,0,0.0011458987912616,0,0,0.00151554356263631,0,0,0,0,0,0,0,0,0,0,0,0,0,0,0,0,0,0,0,0,0,0,0,0,0
"LB4",0,0.00137843282790796,0,0,0,0,0,0,0,0,0,0,0,0,0,0,0,0,0,0,0,0,0,0,0,0,0,0,0,0,0,0,0,0,0,0,0,0,0,0,0,0,0,0,0,0,0,0,0,0,0,0,0,0,0,0,0,0,0,0,0,0,0,0,0,0,0
"LB8",0,0,0,0,0,0,0,0,0,0,0,0,0,0,0,0,0,0,0,0,0,0,0,0,0,0,0,0,0,0,0,0,0,0,0,0,0,0,0.0016664462372702,0,0,0,0,0,0,0,0,0,0,0,0,0,0,0,0,0,0,0,0,0,0,0,0,0,0,0,0
"LB9",0,0,0,0,0,0,0,0,0,0,0,0,0,0,0,0,0,0,0,0,0,0,0,0,0,0,0,0,0,0,0,0,0,0,0,0,0,0,0.0057592788381281,0,0,0,0,0,0,0,0,0,0,0,0,0,0,0,0,0,0,0,0,0,0,0,0,0,0,0,0
"LL10",0,0.0518411050717234,0.0156933262495402,0,0,0,0,0,0,0,0.0697208713065511,0,0.00136907924312395,0,0,0,0.00194123176263844,0,0,0,0,0,0,0,0,0,0,0,0,0,0.00396419959949324,0,0,0,0,0,0,0,0,0,0.0012873431689076,0,0,0,0,0,0,0,0,0,0,0,0,0,0,0.00108300298336671,0,0,0,0,0,0,0,0,0,0,0
"LL11",0.00131061598951507,0.0413724301167818,0.105729543631776,0.00178009037381898,0,0.0187789753721563,0,0,0,0,0.0103088750220066,0,0.00170184464310166,0,0,0.00168228321042233,0.00117368596075977,0.00107587879736312,0,0,0,0,0,0,0,0,0,0.00136930028755306,0,0,0.0011932473934391,0,0,0,0,0,0,0,0,0,0,0,0,0,0,0,0,0,0,0,0,0,0,0,0,0,0,0,0,0,0,0,0,0,0,0,0
"LL12",0,0.0631478613129989,0.0312164899320863,0,0,0,0,0,0,0.00175741689503157,0.0470928154414393,0,0.0117657571786012,0,0,0,0,0.00131061598951507,0,0,0,0,0,0,0,0,0,0,0,0,0,0,0,0,0,0,0,0,0,0,0,0,0,0,0,0,0,0,0,0,0,0,0,0,0,0,0,0,0,0,0,0,0,0,0,0,0
"LL18",0,0.0783617839551987,0.0406045476013764,0.00152486336954322,0.00784022670535052,0.00466905067134471,0,0,0,0.00176776195938196,0.00273935631873693,0,0.001416908440726,0,0,0,0,0,0,0,0.00106605492207004,0,0,0,0,0,0.00152486336954322,0,0,0,0.00179475069158626,0,0,0,0,0,0,0,0,0,0,0,0,0,0,0,0,0,0,0,0,0,0,0,0,0,0,0,0,0,0,0,0,0,0,0,0
"LL19",0.001787137751035,0.110211113682532,0.00813854817557664,0.00137571035511327,0.00201856566124097,0.00650569569801229,0,0,0,0,0.00367713235105043,0,0.00236570752654992,0,0,0,0,0,0,0,0,0,0,0,0,0,0,0,0,0,0.00350998997145722,0,0,0,0,0,0,0,0,0,0,0,0,0,0,0,0,0,0,0,0,0,0,0,0,0,0,0,0,0,0,0,0,0,0,0,0
"LL20",0.00253734307084703,0.026520751053549,0.00335370562407608,0.00189749133993778,0,0.0260574101449595,0,0,0,0,0.0266531341702888,0,0.00328751406570615,0,0,0,0,0,0,0,0,0,0,0,0,0,0.00397149350219535,0,0,0,0.00147827813692827,0,0,0,0,0,0,0,0,0,0,0,0,0,0,0,0,0,0,0,0,0,0,0,0,0,0,0,0,0,0,0,0,0,0,0,0
"LL21",0,0.114058600610038,0.261391995563361,0.00824937609760606,0.00734818375080876,0.00908124595618819,0,0,0,0,0.0294389499953785,0,0.00492189666327757,0,0,0,0,0,0,0.0504898789167206,0,0,0,0,0,0,0,0,0,0,0,0,0,0,0,0,0,0,0,0,0,0,0,0,0,0,0,0,0,0,0,0,0,0,0,0,0,0,0,0,0,0,0,0,0,0,0
"LL22",0.00210980246684596,0.0660994157470092,0.00952888806454604,0.00278215709913753,0.00621348418807382,0.00938978020958917,0,0,0,0,0.00774367059259946,0,0.00377909672632848,0,0,0,0,0.00115923212464064,0,0,0.00141426319206158,0,0,0,0,0,0.00234164889177409,0,0,0,0,0,0,0,0,0,0,0,0,0,0,0,0,0,0,0,0,0,0,0,0,0,0,0,0,0,0,0,0,0,0,0,0,0,0,0,0
"LL23",0,0.00593970418710068,0.00308708309724312,0,0,0,0,0,0,0,0,0,0,0,0,0,0,0,0,0,0,0,0,0,0,0,0,0,0,0,0.0016803110529298,0,0,0,0,0,0,0,0,0,0,0,0,0,0,0,0,0,0,0,0,0,0,0,0,0,0,0,0,0,0,0,0,0,0,0,0
"LL24",0,0.0103277455880402,0.0252333141669247,0.00196824273519395,0.00112786943252687,0,0,0,0,0,0.0153478703171303,0,0,0,0,0,0,0,0,0,0,0,0,0,0,0,0.00123844486708833,0,0,0,0,0,0,0,0,0,0,0,0,0,0,0,0,0,0,0,0,0,0,0,0,0,0,0,0,0,0,0,0,0,0,0,0,0,0,0,0
"LL25",0,0.0148255073448247,0.00784580113781099,0,0,0,0,0,0,0,0.0131272819903201,0,0,0,0,0,0,0,0,0,0,0,0,0,0,0,0,0,0,0,0,0,0,0,0,0,0,0,0,0,0,0,0,0,0,0,0,0,0,0,0,0,0,0,0,0,0,0,0,0,0,0,0,0,0,0,0
"LL26",0,0.0417146356399265,0.0537048377219841,0.00699326393141457,0.00387017758726271,0.00753214941824862,0,0,0,0,0.00519289650949173,0,0,0,0,0,0,0,0,0,0.00122473974280465,0,0,0,0,0,0.00155541947336191,0,0,0,0.00140845070422535,0,0,0,0,0,0,0,0,0,0,0,0,0,0,0,0,0,0,0,0,0,0,0,0,0,0,0,0,0,0,0,0,0,0,0,0
"LL27",0.0118141949342164,0.0560407103860071,0.152766234928591,0.0363887432714068,0.00168774213345949,0.0016110265819386,0,0,0,0,0.0144480955364335,0,0.00297912058406107,0,0,0,0.00255718505069619,0,0,0.00196903248903607,0,0,0,0,0,0,0,0,0,0,0,0,0,0,0,0,0,0,0,0,0,0,0,0,0,0,0,0,0,0,0,0,0,0,0,0,0,0,0,0,0,0,0,0,0,0,0
"LL3",0,0.198038278070002,0.032761456012876,0,0.0522737080276647,0,0,0,0,0,0,0,0,0,0,0,0,0.00274081244678742,0.00251921484470673,0,0,0,0,0,0,0,0,0,0,0,0,0,0,0,0,0,0,0,0,0,0,0,0,0,0,0,0,0,0,0,0,0,0,0,0,0,0,0,0,0,0,0,0,0,0,0,0
"LL4",0,0.0848077565060888,0.00200298997053573,0,0,0,0,0,0,0,0,0,0,0,0,0,0,0.00184333134969592,0,0,0,0,0,0,0,0,0,0,0,0,0,0,0,0,0,0,0,0,0,0,0,0,0,0,0,0,0,0,0,0,0,0,0,0,0,0,0,0,0,0,0,0,0,0,0,0,0
"LL5",0,0.0323217954796902,0,0,0,0,0,0,0,0,0,0,0,0,0,0,0,0.00310837152942416,0,0,0,0,0,0,0,0,0,0,0,0,0,0,0,0,0,0,0,0,0,0,0,0,0,0,0,0,0,0,0,0,0,0,0,0,0,0,0,0,0,0,0,0,0,0,0,0,0
"LL6",0,0.048829078435253,0.0034434989115377,0,0,0,0,0,0,0,0,0,0,0,0,0,0,0.00159641137278185,0,0,0,0,0,0,0,0,0,0,0,0,0,0,0,0,0,0,0,0,0,0,0,0,0,0,0,0,0,0,0,0,0,0,0,0,0,0,0,0,0,0,0,0,0,0,0,0,0
"LL7",0,0.377242439774475,0.010495228332235,0,0,0,0,0,0,0,0,0,0,0,0,0,0,0,0.00185497058895316,0,0,0,0,0,0,0,0,0,0,0,0,0,0,0,0,0,0,0,0,0,0,0,0,0,0,0,0,0,0,0,0,0,0,0,0,0,0,0,0,0,0,0,0,0,0,0,0
"LL8",0,0.0737677303934666,0.0380223278075301,0.03469987569847,0.0013475679882901,0.00167284301994633,0,0,0,0.00174254481244409,0.0201205841010211,0,0.023594056760493,0,0,0,0.00110361171454793,0,0,0.00146373764245304,0,0,0,0,0,0,0,0,0,0,0.00180062963952556,0,0,0,0,0,0,0,0,0,0,0,0,0,0,0,0,0,0,0,0,0,0,0,0,0,0,0,0,0,0,0,0,0,0,0,0
"LL9",0.0144652968944619,0.00597661687897089,0.0370110635447304,0.0179089167774417,0.00296214111514669,0.0605721223793425,0,0,0,0.00198871664974513,0.022577167439475,0,0.00390416479134176,0,0,0,0,0.00253299699599117,0,0,0,0,0,0,0,0,0.00123509770878908,0,0,0,0.00800720124765802,0,0,0,0,0,0,0,0,0,0,0,0,0,0,0,0,0,0,0,0,0,0,0,0,0,0,0,0,0,0,0,0,0,0,0,0
"M3",0.00272922899280953,0.00716422610612502,0.0120715897758883,0.0017582532934446,0.19209573295544,0.034509001207159,0.0911667453944261,0.00364771951923582,0.00272922899280953,0.00729543903847163,0.00196819398519918,0.0045662100456621,0.00183698105285257,0.00482863591035532,0.0086600535348764,0.00356899175982785,0.0145646354904739,0.00288668451162547,0.00149582742875138,0.0101821235500971,0.00511730436151787,0.00448748228625413,0.0145121503175353,0.00548470057208838,0.0581273290295492,0.00469742297800871,0.00566839867737364,0.00170576812050596,0.00141709966934341,0.00154831260169002,0.0284469637327455,0.0088962368131003,0.0673647194667506,0.00301789744397208,0.0219388022883535,0.00645567627145331,0.027922112003359,0.0145646354904739,0.004802393323886,0.0239857240329607,0.0100771532042198,0.00955230147483336,0.00157455518815934,0.00144334225581273,0.0023355901957697,0.0356111898388705,0.00183698105285257,0.00367396210570514,0.0109956437306461,0.00162704036109799,0.0101296383771585,0.0180548994908938,0.00144334225581273,0.0084238702566525,0.00230934760930037,0.00629822075263738,0.00341153624101191,0.00674434472261586,0.00267674381987089,0.00758410748963418,0.00926363302367081,0.00388390279745972,0.00446123969978481,0.00262425864693224,0.00299165485750276,0.00167952553403663,0.00149582742875138
"N4",0,0.762987012987013,0.0465367965367965,0,0,0,0,0,0,0,0,0,0,0,0,0,0,0,0,0,0,0,0,0,0,0,0,0,0,0,0,0,0,0,0,0,0,0,0,0,0,0,0,0,0,0,0,0,0,0,0,0,0,0,0,0,0,0,0,0,0,0,0,0,0,0,0
"PCR-POS-1",0,0,0,0,0,0.174939177808738,0,0,0,0,0,0,0,0,0,0,0,0,0,0,0,0,0,0,0,0,0,0,0,0,0,0,0,0,0,0,0,0,0,0,0,0,0,0,0,0,0,0,0,0,0,0,0,0,0,0,0,0,0,0,0,0,0,0,0,0,0
"PCR-POS-2",0,0,0,0,0,0.186648475724501,0,0,0,0,0,0,0,0,0,0,0,0,0,0,0,0,0,0,0,0,0,0,0,0,0,0,0,0,0,0,0,0,0,0,0,0,0,0,0,0,0,0,0,0,0,0,0,0,0,0,0,0,0,0,0,0,0,0,0,0,0
"WB10",0,0.0978815049226442,0.0548786919831224,0,0.104746835443038,0,0,0,0,0,0,0,0,0,0,0,0,0,0,0,0,0,0,0,0,0,0,0,0,0,0,0,0,0,0,0,0,0,0,0,0,0,0,0,0,0,0,0,0,0,0,0,0,0,0,0,0,0,0,0,0,0,0,0,0,0,0
"WB11",0,0.170963875449479,0.0321437632875178,0,0,0,0.00195977217648448,0,0,0,0,0,0,0,0,0,0,0,0,0,0,0,0,0,0,0,0,0,0,0,0,0,0,0,0,0,0,0,0,0,0,0,0,0,0,0,0,0,0,0,0,0,0,0,0,0,0,0,0,0,0,0,0,0,0,0,0
"WB12",0,0.0757491455369207,0.125963754868452,0,0.163182576901677,0,0,0,0,0,0,0,0,0,0,0,0,0.00737222796280105,0,0,0,0,0,0,0,0,0,0,0,0,0,0,0,0,0,0,0,0,0,0,0,0,0,0,0,0,0,0,0,0,0,0,0,0,0,0,0,0,0,0,0,0,0,0,0,0,0
"WB13",0.2763407460348,0.00238461749910663,0.0106654938288573,0.070184721954974,0.0300448060694357,0.0274815140603095,0.00470051403282113,0.0075043294208197,0.0123147969982682,0.00266637345721433,0.00537397949366393,0.0084045740674565,0,0.00458368839165453,0.0035528739107727,0.00142939608015613,0.0121155061986311,0,0.00142939608015613,0.00199978009291075,0.0018073613898128,0.00228840814755766,0.00145001236977377,0.00104455867396025,0,0,0,0,0,0.00138816350092086,0,0,0,0,0,0,0,0,0,0,0,0,0,0,0,0,0,0,0,0,0,0,0,0,0,0,0,0,0,0,0,0,0,0,0,0,0
"WB14",0.167520450798021,0.00275345382361887,0.0135671634623081,0.0360190180415259,0.0709574655418061,0.0361871067923864,0.0076520402772664,0.0178894456272912,0.0251652872716794,0.00515472169305393,0,0.0112459378551875,0.00330574543358893,0.00525877663406279,0.00552291609970064,0.00456240895192662,0.0144556325739991,0,0,0.00219315798741736,0.0057710471128756,0.00348183841068084,0.0018809931643908,0.00144876494789249,0,0,0,0,0,0.00171290441353034,0,0,0,0,0,0,0,0,0,0,0,0,0,0,0.00119262970848608,0,0,0,0,0,0,0,0,0,0,0,0,0,0,0,0,0,0,0,0,0,0
"WB15",0.171188602084341,0.00285827360274394,0.0168528208961787,0.0478980695659821,0.0239985049030386,0.0373004705158085,0.012191636251704,0.0335847148322413,0.0106305791302054,0.00203377160195242,0.00116529616111868,0.00426542368409481,0.00771733872740865,0.0046941647245064,0.00563959368541401,0.00363880216349325,0.00507893232487578,0,0.00103337584099204,0.00181390440174135,0,0,0.00311112088298668,0,0,0,0,0.00202277824194187,0,0.00270436656259619,0,0,0,0,0,0,0,0,0,0,0,0,0,0,0,0,0,0,0,0,0,0,0,0,0,0,0,0,0,0,0,0,0,0,0,0,0
"WB16",0.136678494498717,0.00218084963756782,0.0078921730736573,0.0330613229891941,0.065926011994673,0.041936665981427,0.00484434632607277,0.0262416989176193,0.0147028592368814,0.00202890519560612,0.00420975483317394,0.00990320245256205,0.00305676465593522,0.00638166656239107,0.00640848028744313,0.00198421565385269,0.0148458657704924,0,0,0.00156413396137036,0.00864295737511508,0.00629228747888419,0.00141218951940867,0.00134962416095385,0,0,0,0,0,0.00112617645218666,0,0,0,0,0,0,0,0,0,0,0,0,0,0,0.00107254900208253,0,0,0,0,0,0,0,0,0,0,0,0,0,0,0,0,0,0,0,0,0,0
"WB17",0.222889349745785,0.00185643564356436,0.0278465346534653,0.0447886004816698,0.0114814690928552,0.0293350280974043,0.00706616269735082,0.0266256355365266,0.0173267326732673,0.0029518999197217,0,0.0127943537597003,0.00811981535991437,0.00919019266791544,0.00592052448488092,0.00412262510034787,0.00461600214075462,0,0,0.00179789938453305,0,0,0,0,0,0,0,0.00277629114262778,0,0.00231636339309607,0,0,0,0,0,0,0,0,0,0,0,0,0,0,0,0,0,0,0,0,0,0,0,0,0,0,0,0,0,0,0,0,0,0,0,0,0
"WB18",0.199198134189298,0.0153460525841238,0.0403577740108919,0.0423594330436037,0.0437599932676933,0.0646842427958308,0,0.0959954797369592,0.0140116132289826,0.00959353698560969,0.00317981269761123,0.0161455139995913,0.00374484557771606,0.0118656904822015,0.00622137266923937,0.0024765270915233,0.00160493381902117,0,0.00215794472295356,0.00220002163955711,0.00616727377646338,0.00583065844363496,0,0.02142917252738,0,0,0,0,0,0,0,0,0,0,0,0,0,0,0,0,0,0,0,0,0,0,0,0,0,0,0,0,0,0,0,0,0,0,0,0,0,0,0,0,0,0,0
"WB25",0.27986273509596,0.00176218457889751,0.0173966041510709,0.0552769478433113,0.00376948505786723,0.0356610510834785,0.00476319816626808,0.00834719011056714,0.00780396027797468,0.00255053031156218,0,0.00470357537976403,0.00157669146532935,0.0106791035382811,0.00639951241810148,0.00172906080861748,0,0,0,0.00129845179497711,0,0,0.00139119835176119,0,0,0,0,0.00118583097602502,0,0.00174231031672949,0,0,0,0,0,0,0,0,0,0,0,0,0,0,0,0,0,0,0,0,0,0,0,0,0,0,0,0,0,0,0,0,0,0,0,0,0
"WB26",0.245327118143321,0.00273118208974822,0.0314282900567902,0.0323671339001412,0.0262548009060171,0.029196073925746,0.00617142106818107,0.0125004103338476,0.0113383448773922,0.00166759675672127,0,0.0111479499720973,0.00683452056593244,0.00797032465614024,0.00408364245149854,0.00396546630338443,0.00133932967862653,0,0,0.0018842530282638,0.00155598595016906,0,0.00542953747168696,0,0,0,0,0.00202869054262548,0,0.00148376719298822,0,0,0,0,0,0,0,0,0,0,0,0,0.00132619899550274,0,0,0,0,0,0,0,0,0,0,0,0,0,0,0,0,0,0,0,0,0,0,0,0
"WB27",0.333999593898322,0.00195436432396761,0.0129508363156425,0.0525520952308434,0.00955608010355593,0.0303687910860682,0.0080966521992944,0.0029696185182365,0.00557120739105053,0.00181476687225564,0,0.00170055077540039,0,0.00953069874869921,0.00192263763039671,0.00192263763039671,0.00171324145282875,0,0,0.00122465037183685,0,0,0.0013071397751212,0,0,0,0,0,0,0.00161806137211604,0,0,0,0,0,0,0,0,0,0,0,0,0,0,0,0,0,0,0,0,0,0,0,0,0,0,0,0,0,0,0,0,0,0,0,0,0
"WB28",0.313648851257074,0.00163796614869959,0.0157730073578479,0.0508202830474837,0.0138663800948114,0.0319620061185402,0.0121764150207562,0.0108071099863936,0.0106251137476492,0.00196729267595136,0,0.00158596722334405,0.00162929966114034,0.0102264553199234,0.0036572577500065,0.00239195056635496,0.00175929697452919,0,0,0.00179396292476622,0,0,0.00118730879561822,0,0,0,0,0,0,0.00218395486493279,0,0,0,0,0,0,0,0,0,0,0,0,0,0,0,0,0,0,0,0,0,0,0,0,0,0,0,0,0,0,0,0,0,0,0,0,0
"WB29",0.0701059050064185,0,0.0214136713735558,0.0758424261874198,0.0332557766367137,0.0286424903722721,0.0214698331193838,0.0340259948652118,0.0220715661103979,0.00188543003851091,0,0.00417201540436457,0.00507862644415918,0.00582477535301669,0.00478177150192555,0.00212612323491656,0.0129252246469833,0,0,0.00199775353016688,0.0011392811296534,0,0.00205391527599487,0,0,0,0,0.0013719512195122,0,0.00231065468549422,0,0,0,0,0,0,0,0,0,0,0,0,0,0,0,0,0,0,0,0,0,0,0,0,0,0,0,0,0,0,0,0,0,0,0,0,0
"WB30",0.403485808226009,0.00359956057312484,0.0282277228494184,0.0378031772744626,0.0245502497097757,0.0643012411471846,0.00196339667624991,0.0591122642170956,0.00208805678267848,0.00281264365129452,0.00107519341794638,0.00684072334026755,0.00455788514129444,0.0126530008024994,0.00497861300049085,0.00134009614410708,0.00117647975441959,0,0.00112194095785709,0.00201793547281241,0.00303859009419629,0.00529026326656226,0.00289055621781237,0.0034593179533927,0,0,0,0,0,0,0,0,0,0,0,0,0,0.00130113986084816,0,0,0,0,0,0,0,0,0,0,0,0,0,0,0,0,0,0,0,0,0,0,0,0,0,0,0,0,0
"WB31",0.427426268861454,0.0030986674505193,0.0236441798941799,0.0701486870468352,0.00331300215559475,0.0204903978052126,0.0033497452478934,0.00552371154223006,0.00985327258475407,0.00351508916323731,0.00236992945326279,0.016222075249853,0,0.00727513227513227,0.0023270625122477,0.00453777189888301,0.0023270625122477,0,0,0.00399274936311973,0,0,0,0,0,0,0,0,0,0,0,0,0,0,0,0,0,0,0,0,0,0,0,0,0,0,0,0,0,0,0,0,0,0,0,0,0,0,0,0,0,0,0,0,0,0,0
"WB32",0.0581160895161827,0,0.0218559485652873,0.0465746649800748,0.00688586020942906,0.0146086758034296,0.0204816297803943,0.0140760678314296,0.00802240757825057,0,0.0014646719230001,0.0140427798331796,0.00749931046289339,0.00555434027942897,0.015321990051644,0.00364741352253597,0.00155026963278582,0,0,0.00518817229867894,0,0,0.00486004774450035,0,0,0,0,0.0029436101309645,0,0.00237771416071446,0,0,0,0,0,0,0,0,0,0,0,0,0,0,0,0,0,0,0,0,0,0,0,0,0,0,0,0,0,0,0,0,0,0,0,0,0
"WB33",0.301829495272465,0.00112457730391408,0.0156892248253379,0.0286042310751664,0.00400851073834182,0.0175935613051366,0.00543480390428162,0.00362450873212725,0.0116141014940813,0.00170058031323592,0.0074449368551803,0.00956086627717892,0,0.00744101846736179,0.0135341115251541,0.00161045739341006,0.00202972488999126,0,0,0.00231184881292441,0,0,0.00335805836046817,0,0,0,0,0,0,0.00174760096705811,0,0,0,0,0,0,0,0,0,0,0,0,0,0,0,0,0,0,0,0,0,0,0,0,0,0,0,0,0,0,0,0,0,0,0,0,0
"WB34",0.165481385010588,0.00189713430172639,0.0239090195917572,0.0877193881998246,0.0145771697832652,0.0163717562848983,0.00898831467817937,0.00411729417374674,0.0124595577113382,0.00224579682204368,0.00171767565156308,0.0020765929518897,0.00175869477160041,0.00588624372535648,0.00703477908640165,0.00178945911162841,0.00256369500233296,0,0,0.00264573324240762,0,0,0.0025124211022863,0,0,0.00132799401120847,0,0,0,0.00116904492106383,0,0,0,0,0,0,0,0,0,0,0,0,0,0,0,0,0,0,0,0,0,0,0,0,0,0,0,0,0,0,0,0,0,0,0,0,0
"WB35",0.275199834729131,0.00278100020658859,0.0236702846155069,0.0649721105407854,0.0125621752189044,0.0195782414543837,0.00541897754540976,0.017297821284981,0.00795366059084336,0.00242344303717005,0,0.00278894592146455,0.00306704594212341,0.00887536351645558,0.00980501215694376,0.0011203457975114,0.00248700875617779,0,0,0.00135871724379042,0.00132693438428655,0,0.0022168544503949,0,0,0,0,0.00120774866114704,0,0.00290813164460407,0,0,0,0,0,0,0,0,0,0,0,0,0,0,0,0,0,0,0,0,0,0,0,0,0,0,0,0,0,0,0,0,0,0,0,0,0
"WB36",0.346766031833655,0.00276014352746343,0.0363418897782685,0.0488085380439783,0.00644033489741467,0.0293955285674855,0.00141074002514797,0.0243659336952188,0,0.00171742263931058,0.00134940350231545,0.00575029901554881,0.00196276873064066,0.017082221608857,0.00832643297451468,0.00188609807710001,0.00154874720152115,0,0,0.00185542981568375,0.0011193915416935,0.0017787591621431,0,0.00366485723924311,0,0,0,0,0,0.00104272088815285,0,0,0,0,0,0,0,0,0,0,0,0,0,0,0,0,0,0,0,0,0,0,0,0,0,0,0,0,0,0,0,0,0,0,0,0,0
"WB41",0,0.0264252200794012,0.135970624695969,0,0,0,0,0,0,0,0,0,0,0,0,0,0,0,0,0,0,0,0,0,0,0,0,0,0,0,0,0,0,0,0,0,0,0,0,0,0,0,0,0,0,0,0,0,0,0,0,0,0,0,0,0,0,0,0,0,0,0,0,0,0,0,0
"WB42",0,0.0117781792692198,0.0604705348063462,0,0,0,0.00732557335939737,0,0,0,0,0,0,0,0,0.00192518437342653,0,0,0,0,0,0.00116498336443247,0,0,0,0,0,0,0,0,0,0,0,0,0,0,0,0,0,0,0,0,0,0,0,0,0,0,0,0,0,0,0,0,0,0,0,0,0,0,0,0,0,0,0,0,0
"WB43",0,0.00336644973691498,0.00593672112988092,0,0.00341837441152035,0,0,0,0,0.00204237053447798,0,0,0,0,0,0,0,0,0,0,0,0,0,0,0,0,0,0,0,0,0,0,0,0,0,0,0,0,0,0,0,0,0,0,0,0,0,0,0,0,0,0,0,0,0,0,0,0,0,0,0,0,0,0,0,0,0
"WB44",0,0.0196296446043747,0.100725751020903,0.0030121699753366,0.0067925443739134,0,0,0,0,0,0,0,0,0,0,0.0104819471960539,0,0,0,0,0,0,0,0,0,0,0,0,0,0,0,0,0,0,0,0,0,0,0,0,0,0,0,0,0,0,0,0,0,0,0,0,0,0,0,0,0,0,0,0,0,0,0,0,0,0,0
"WB45",0,0.00695969899301855,0.0506209356445334,0,0,0,0,0,0,0,0,0,0,0,0,0,0,0,0,0,0,0,0,0,0,0,0,0,0,0,0,0,0,0,0,0,0,0,0,0,0,0,0,0,0,0,0,0,0,0,0,0,0,0,0,0,0,0,0,0,0,0,0,0,0,0,0
"WB46",0,0.0661706158534911,0.16633261030724,0,0.0952335191235825,0,0,0,0,0,0,0,0,0,0,0,0,0.00462645177232915,0,0,0,0,0,0,0,0,0,0,0,0,0,0,0,0,0,0,0,0,0,0,0,0,0,0,0,0,0,0,0,0,0,0,0,0,0,0,0,0,0,0,0,0,0,0,0,0,0
"WB47",0,0,0.0232252458979871,0.00228353736646876,0,0,0.10165640003119,0.0165862787252292,0.0254196696111303,0,0,0.0017711338598465,0.0144698294587459,0,0,0.00476758045292014,0.00122531273322714,0,0,0,0,0,0,0,0,0,0,0,0.00163746337985809,0,0,0.00151493210653537,0,0,0,0.00223898053980595,0,0,0,0,0,0,0,0,0,0,0,0,0,0,0,0,0,0,0,0,0,0,0,0,0,0,0,0,0,0,0
"WB48",0,0,0.0325392853568211,0,0,0,0.0327194475027525,0.0524071664498048,0.185046541887699,0.0014613151836653,0,0.00227204484035632,0.00384345911320188,0,0.00169152237013312,0.011710539485537,0.00239215293764388,0,0,0.0031928735862276,0,0,0,0,0,0,0,0,0.00406365729156241,0,0,0,0,0,0,0.00128115303773396,0,0,0,0,0,0,0,0,0,0,0,0,0,0,0,0,0,0,0,0,0,0,0,0,0,0,0,0,0,0,0
"WB49",0,0,0.0238527600660832,0,0,0,0.101172840348985,0.0291776464002403,0.0353900137900902,0,0.00214360808836581,0.00255321472945481,0.00838328258762169,0,0,0.00615775317103808,0.00274436449529635,0,0,0.00176130855668273,0,0,0,0,0,0,0,0,0.0016930407831679,0,0,0.00275801804999932,0,0,0,0.00150189101732636,0,0,0,0,0,0,0,0,0,0,0,0,0,0,0,0,0,0,0,0,0,0,0,0,0,0,0,0,0,0,0
"WB50",0,0,0.0762313807913735,0,0,0,0.0169331993054921,0.0433793292515764,0.0262176733985196,0,0,0.0116786987115051,0.00377410216576807,0,0,0.00134332449968016,0.00112400621401809,0,0,0,0,0,0,0,0,0,0,0.00173626976149136,0.00551037192725944,0,0,0,0,0,0,0,0,0,0,0,0,0,0,0,0,0,0,0,0,0,0,0,0,0,0,0,0,0,0,0,0,0,0,0,0,0,0
"WB51",0,0,0.0289027420550155,0,0,0,0.0883793248761207,0.0191958382376448,0.108476103288432,0,0,0.00480985802926602,0.00390891785459988,0,0,0.00504235871950245,0.00175828646991296,0,0,0.001235159916881,0,0,0,0,0,0,0,0,0.00236860078178357,0,0,0,0,0,0,0.00181641164247206,0,0,0,0,0,0,0,0,0,0,0,0,0,0,0,0,0,0,0,0,0,0,0,0,0,0,0,0,0,0,0
"WB52",0.0846624110466125,0,0.0323607120128054,0.018157097949974,0.0019960272308256,0.0262087053786666,0.00197674194357125,0.01499431084026,0.0048695350317243,0,0.00307600331706941,0,0.00175496114014618,0.00184174493279077,0.00773340018899582,0,0,0,0,0.00161996412936571,0,0,0.00889051742425703,0,0,0,0,0,0,0,0,0,0,0,0,0,0,0,0,0,0,0,0,0,0,0,0,0,0,0,0,0,0,0,0,0,0,0,0,0,0,0,0,0,0,0,0
"WB59",0.00404409727992909,0,0.00938082839362547,0.00228980850553063,0,0,0.0842797259616272,0.00171735637914797,0.00823592414086016,0,0.00188355215777519,0.00485660997543996,0.00168042398389748,0,0,0.00446881982530977,0,0,0,0.00265913245803557,0,0,0.00116337045039056,0,0,0,0,0.00173582257677322,0.00190201835540044,0,0,0,0,0,0,0,0,0,0,0,0,0,0,0,0,0,0,0,0,0,0,0,0,0,0,0,0,0,0,0,0,0,0,0,0,0,0
"WB60",0.00120230926296369,0,0.0220146971942662,0,0,0,0.181838911288233,0.00550367429856656,0.0115048558783595,0,0,0.00425990609550067,0.00277774898684715,0,0,0.00133705081829583,0.00374166934422322,0,0,0,0,0,0.00683036038183684,0,0,0.0028295726619749,0,0,0.00159616919393456,0,0,0.00139923922844912,0,0,0,0,0,0,0,0,0.00108829717768265,0,0,0,0,0,0,0.00177236968936889,0,0,0,0,0,0,0,0,0,0,0,0,0,0,0,0,0,0,0
"WB61",0.00143413907864775,0,0.0173738833420914,0,0,0,0.298169556840077,0.00419294097039762,0.0183482221054475,0,0,0,0.00777281485373971,0,0.00176256787528464,0.00179541075494833,0.00237563496234016,0,0,0,0,0,0,0,0,0.0106739358906989,0,0.00183920126116658,0,0,0,0.00326239271325977,0,0,0,0.00263837799964968,0,0,0,0,0.00165309160973901,0,0,0,0,0,0,0,0,0,0,0,0,0,0.00112760553511999,0,0,0,0,0,0,0,0,0,0,0,0
"WB62",0,0,0.0597454879270994,0,0,0.00116223249703125,0.0114623074526053,0.0384800020212739,0,0,0,0,0.00581116248515627,0,0,0.00715867842374323,0,0,0,0,0,0,0,0,0,0,0,0,0.00228235512098167,0,0,0.00161701912630435,0,0,0,0,0,0,0,0,0,0,0,0,0,0,0,0,0,0,0,0,0,0,0,0,0,0,0,0,0,0,0,0,0,0,0
"WB63",0,0,0.0201597147601836,0.00300380970987594,0,0,0.00796131679202891,0.00705773175735079,0.00406613265605158,0,0,0,0.00139200937774739,0,0,0.00710657419165771,0,0,0,0,0,0,0,0,0,0,0,0,0.00528719351372472,0,0,0,0,0,0,0,0,0,0,0,0,0,0,0,0,0,0,0,0,0,0,0,0,0,0,0,0,0,0,0,0,0,0,0,0,0,0
"WB64",0.196927205473491,0,0.0666537726954041,0.0120760099605928,0,0.0580712230737616,0,0.0174068612044581,0.00550008461668641,0,0,0.00112419311945459,0.00846166864105602,0.0195464545608394,0.012172714745062,0,0.00168024563015255,0,0,0,0,0,0.00118463360974784,0,0,0,0,0,0,0,0,0.0012208979039238,0,0,0,0,0,0,0,0,0,0,0,0,0,0,0,0,0,0,0,0,0,0,0,0,0,0,0,0,0,0,0,0,0,0,0
"WB65",0.0286286957943001,0,0.029299680851979,0.0014538009583043,0,0,0.0404741627740931,0.00671845294932342,0.0893356387691725,0,0,0.00178929348714375,0.00402591034607345,0,0.00164305315405989,0.00295061377928033,0.00147960807590734,0,0,0.00182370297728113,0,0,0.00181510060474679,0,0,0.0105379063545726,0,0,0.00235705007441052,0,0,0.00260651887790653,0,0,0,0.00161724603645685,0,0,0,0,0,0,0,0.00619370822472838,0,0,0,0,0,0,0,0,0,0,0,0,0,0,0,0,0,0,0,0,0,0,0
"WB66",0,0,0.0253999438675274,0,0,0.00131309891343571,0.00538270317950363,0.0373080469908985,0,0,0,0.00378894190289082,0.00519225371877631,0,0.00120283869933042,0.0070065354235997,0,0,0,0.00282667094342649,0,0,0.00189447095144541,0,0,0,0,0,0.00492161501142697,0,0,0,0,0,0,0,0,0,0,0,0,0,0,0,0,0,0,0,0,0,0,0,0,0,0,0,0,0,0,0,0,0,0,0,0,0,0
"WB67",0.0161974288091468,0,0.0164255616092756,0,0,0,0.267881585657157,0.0108564373708366,0.0121581362892187,0,0.0014358946831638,0,0.0126009823129982,0,0,0.00394535548458091,0,0,0,0,0,0,0.0131377653721249,0,0,0.0207600848117233,0,0.00319385920180359,0.00379774014332108,0,0,0.0015566708714673,0,0,0,0,0,0,0,0,0,0,0,0,0,0,0,0,0,0,0,0,0.00146273383612013,0,0,0,0,0,0,0,0,0,0,0,0,0,0
"WB68",0,0,0.0256534419193309,0,0,0,0.00822098717878171,0.0109613162383756,0.00271831838441644,0,0,0.00242117426952072,0.00208000880427007,0,0.00171683266384196,0.0063060584383426,0,0,0,0.00148572057447862,0,0,0.00161778462554339,0,0,0,0,0,0.00391790018158807,0,0,0,0,0,0,0,0,0,0,0,0,0,0,0,0,0,0,0,0,0,0,0,0,0,0,0,0,0,0,0,0,0,0,0,0,0,0
"WB69",0.00858985024958403,0,0.0707362728785358,0,0,0.00133111480865225,0.0204034941763727,0.0273710482529118,0.00543885191347754,0,0,0.00211106489184692,0.0280054076539102,0,0.00107113144758735,0.00527246256239601,0,0,0,0.00173668885191348,0,0,0.00308860232945092,0,0,0.00377495840266223,0,0.00184068219633943,0.00249584026622296,0,0,0.0052932612312812,0,0,0,0.00174708818635607,0,0,0,0,0.00198627287853577,0,0.00147670549084859,0.00110232945091514,0,0,0,0,0,0,0,0,0,0,0,0,0,0,0,0,0,0,0,0,0,0,0
"WB7",0,0.0988340617696381,0.0659553959304398,0,0,0,0,0,0,0,0,0,0,0,0,0,0,0,0.0434817054652529,0,0,0,0,0,0,0,0,0,0,0,0,0,0,0,0,0,0,0,0,0,0,0,0,0,0,0,0,0,0,0,0,0,0,0,0,0,0,0,0,0,0,0,0,0,0,0,0
"WB70",0.0427747161297481,0,0.0274716129748123,0.0143322114139882,0,0.00405925213596183,0,0.0103746717461257,0.0701168768724341,0,0,0,0,0.00415171801605208,0.00361541591152865,0.00155342678551614,0,0,0,0.00229315382623812,0,0,0,0,0,0,0,0,0.00141472796538077,0,0,0,0,0,0,0,0,0,0,0,0,0,0,0,0,0,0,0,0,0,0,0,0,0,0,0,0,0,0,0,0,0,0,0,0,0,0
"WB8",0,0.299260479623853,0.0307099950945457,0,0,0,0,0,0,0,0,0,0,0,0,0,0,0,0.0412983719445036,0,0,0.0558018566681784,0,0,0,0,0,0,0,0,0,0,0,0,0,0,0,0,0,0,0,0,0,0,0,0,0,0,0,0,0,0,0,0,0,0,0,0,0,0,0,0,0,0,0,0,0
"WB9",0,0.0326201638078249,0.0647508620033284,0,0.0683293994800788,0,0.00133787267367871,0,0,0.00998509849135821,0,0,0,0,0,0,0,0,0.0286174228003959,0,0,0,0,0,0,0,0,0,0,0,0,0,0,0,0,0,0,0,0,0,0,0,0,0,0,0,0,0,0,0,0,0,0,0,0,0,0,0,0,0,0,0,0,0,0,0,0
"WL10",0,0.260923161210793,0.0915371182029859,0,0.0940966990823175,0,0,0,0,0.00953636488152308,0,0,0,0,0,0,0,0.0241490891658677,0,0,0,0,0,0,0,0,0,0,0,0,0,0,0,0,0,0,0,0,0,0,0,0,0,0,0,0,0,0,0,0,0,0,0,0,0,0,0,0,0,0,0,0,0,0,0,0,0
"WL11",0.0606687783456915,0.0557015333669282,0.0595889424807429,0.0374523072492981,0.0388380966093154,0.0473148081491613,0,0.00723490029515514,0,0.0114192642718307,0.00420236124109135,0.00147577568209632,0,0,0,0,0,0.00294255273198474,0,0.00161975379742279,0.00220466489093658,0,0,0.00147577568209632,0.00241163343171838,0,0,0,0,0,0,0,0,0,0,0,0,0,0,0,0,0,0,0,0,0,0,0,0,0,0,0,0,0,0,0,0,0,0,0,0,0,0,0,0,0,0
"WL12",0.0252247361112561,0.128994873615302,0.0766765157289176,0.116037962392591,0.047150210380146,0.0496873009741175,0,0.0180206517086209,0,0.0221342883095459,0.0103676171185751,0.00417628081312187,0,0,0,0,0,0.00114847722360852,0,0.00204637759842972,0.00252664989193873,0,0,0.00249532778584032,0.00479228223305735,0,0.00164963092118314,0,0,0,0,0,0,0,0.00105451090531327,0,0,0,0,0,0,0,0,0,0,0,0,0,0,0,0,0,0,0,0,0,0,0,0,0,0,0,0,0,0,0,0
"WL13",0.0160991632760648,0.0447018748563782,0.0496897768285595,0.0713986401546385,0.0376052663593723,0.059665580772922,0,0.0269806296381406,0,0.0118276808283432,0.00907014152664946,0,0.00117600940807526,0,0,0,0,0,0,0,0.00243312291325917,0,0,0,0.0047851417294097,0,0.00217629327241514,0,0,0,0,0,0,0.00179780748590816,0,0,0,0,0,0,0,0,0,0,0,0,0,0,0,0,0,0,0,0,0,0,0,0,0,0,0,0,0,0,0,0,0
"WL14",0.0412605777648089,0.110055442077619,0.0697052815873942,0.0470732419025387,0.088497227896119,0.0599708199591479,0,0.00715494601692442,0,0.0161307265830172,0.00503063904289466,0.00131893784651299,0.00128392179749052,0,0,0,0,0.00735337029471841,0,0,0.00633790487306682,0,0,0.00164575430405603,0.00545083163116428,0,0,0,0,0,0,0,0,0,0,0,0,0,0,0,0,0.00166909833673767,0,0,0,0,0,0,0,0,0,0,0,0,0,0,0,0,0,0,0,0,0,0,0,0,0
"WL15",0.0945565396804744,0.0291457940277145,0.0270639515971635,0.0862291699582702,0.0750299729546363,0.0387929031478573,0,0.00352240304097698,0,0.00872700911735457,0.0062176454733868,0.00110597879123024,0,0,0,0,0,0.00124538788256178,0,0,0.00500943334851343,0,0,0,0.00315064546409286,0,0,0,0,0,0,0,0,0,0,0,0,0,0,0,0,0,0,0,0,0,0,0,0,0,0,0,0,0,0,0,0,0,0,0,0,0,0,0,0,0,0
"WL16",0.0222853371673698,0.0651354090555542,0.021542885426733,0.0587126122516322,0.0401984585287671,0.0973790275060692,0,0.0110660664199684,0,0.0221085629434087,0.00110778513682325,0.00480825889174347,0.00133169915384071,0,0,0,0,0,0,0,0.00216843048059019,0,0,0.00223914017017465,0,0,0,0,0,0,0,0,0,0,0,0,0,0,0,0,0,0,0,0,0,0,0,0,0,0,0,0,0,0,0,0,0,0,0,0,0,0,0,0,0,0,0
"WL23",0.0207204393908779,0.0868495012766583,0.0966035379048109,0.128621025367843,0.0567791473024854,0.0471536949613329,0,0.00854167049357997,0,0.0231635408438803,0.00431675820643289,0.00194713348885909,0,0,0,0,0,0.00110215103142967,0,0.00200224104043057,0.00486783372214772,0,0,0.00282885431400283,0.00428001983871857,0,0.00196550267271625,0,0,0,0,0,0,0,0,0,0,0,0,0,0,0,0,0,0,0,0,0,0,0,0,0,0,0,0,0,0,0,0,0,0,0,0,0,0,0,0
"WL24",0.0573656201343218,0.0826729567056308,0.0473031070623504,0.0207757198298901,0.0776068415793265,0.0611187283586252,0,0.00262601380400177,0,0.0178127396528084,0.0105040552160071,0,0,0,0,0,0,0,0,0,0.00622806813692454,0,0,0.00110385536008924,0.0069368594734029,0,0.00235876461155911,0,0,0,0,0,0,0.00130138737189468,0,0,0.00108061629987683,0,0,0,0,0,0,0,0,0,0,0,0,0,0,0,0,0,0,0,0,0,0,0,0,0,0,0,0,0,0
"WL25",0.0217223544864954,0.0707987849930219,0.0329611690337411,0.0457762088498481,0.0893030128889254,0.0595681799523849,0,0.0030457269518102,0,0.0116082423446351,0.00448239060832444,0.00110828339216813,0,0,0,0,0,0.00105902635251621,0,0,0.0052376652163205,0,0,0,0.00256957556850833,0,0.00579591166570889,0,0,0,0,0,0,0,0,0,0,0,0,0,0,0,0,0,0,0,0,0,0,0,0,0,0,0,0,0,0,0,0,0,0,0,0,0,0,0,0
"WL26",0.0365869565217391,0.0523478260869565,0.0410326086956522,0.0502717391304348,0.0674891304347826,0.12570652173913,0,0.00173913043478261,0,0.0132173913043478,0.0120978260869565,0,0,0,0,0,0,0.00177173913043478,0,0,0.00408695652173913,0,0,0.00157608695652174,0.00290217391304348,0,0.00576086956521739,0,0,0,0,0,0,0,0,0,0,0,0,0,0,0,0,0,0,0,0,0,0,0,0,0,0,0,0,0,0,0,0,0,0,0,0,0,0,0,0
"WL27",0.0340628758548641,0.074429139561221,0.0427541766528835,0.0422274311499732,0.0904948773999842,0.0483113417085868,0,0.024160060400151,0,0.019287664498231,0.00503041955279307,0,0,0,0,0,0,0,0,0,0.00633850421835357,0,0,0.00133442194070601,0.00340628758548641,0,0.00294977481629751,0,0,0,0,0,0,0.00143977104128807,0,0,0,0,0,0,0,0,0,0,0,0,0,0,0,0,0,0,0,0,0,0,0,0,0,0,0,0,0,0,0,0,0
"WL28",0.0165050303634551,0.0758361279796973,0.0997552796156984,0.123601921508203,0.0965557871839028,0.111782833318227,0,0.0537841022387383,0,0.0276987220157709,0.00131423910087918,0.00255596845826158,0,0,0,0,0,0.0116559412671078,0,0,0.00650774947883622,0,0,0.00234750294570833,0.00146832230580984,0,0.00300915435511647,0,0,0,0,0,0,0,0,0,0,0,0,0,0,0,0,0,0,0,0,0,0,0,0,0,0,0,0,0,0,0,0,0,0,0,0,0,0,0,0
"WL29",0.00452790415039955,0.0271566697856505,0.0444939179814797,0.0075285817227546,0.0144333666741952,0.00229083986706676,0,0.024801299218103,0,0.00372127039439013,0,0,0,0,0,0,0,0,0,0,0.0018176147302079,0,0,0,0,0,0.00369976016089655,0,0,0,0,0,0,0,0,0,0,0,0,0,0,0,0,0,0,0,0,0,0,0,0,0,0,0,0,0,0,0,0,0,0,0,0,0,0,0,0
"WL30",0.0226515875894359,0.0318726851088617,0.0530405442535747,0.0823194522294394,0.0143866706232759,0.00324222141624628,0,0.00541835646850649,0,0.00385769395627947,0,0.00130787914757053,0,0,0,0,0,0,0,0,0.0013958037961467,0,0,0,0,0,0.00173651180937936,0,0,0,0,0,0,0.00120896391792234,0,0,0,0,0,0,0,0,0,0,0,0,0,0,0,0,0,0,0,0,0,0,0,0,0,0,0,0,0,0,0,0,0
"WL31",0.0139819627982714,0.0285432454437277,0.0466430763449615,0.0606093818500658,0.0146708836976264,0.0022703075092378,0,0.00131521262604121,0,0.00176927412788877,0.00369512118744911,0,0,0,0,0,0,0,0,0,0.00208241999123192,0,0,0,0,0,0.00316277321976577,0,0,0,0,0,0,0.00233293668190643,0,0,0,0,0,0,0,0,0,0,0,0,0,0,0,0,0,0,0,0,0,0,0,0,0,0,0,0,0,0,0,0,0
"WL32",0.00557069281954674,0.0312411568283434,0.0328824494878035,0.0425846721053015,0.0148201450482281,0.00284598530113273,0,0,0,0.00299960382590979,0.0011885222706435,0,0,0,0,0,0,0,0,0,0.00155235561879967,0,0,0,0,0,0.00688049287290897,0,0,0,0,0,0,0.00117235189961434,0,0,0,0,0,0,0,0,0,0,0,0,0,0,0,0,0,0,0,0,0,0,0,0,0,0,0,0,0,0,0,0,0
"WL33",0.0221509763917225,0.0212765957446809,0.0419608691155593,0.0144883933020562,0.0110002726563308,0.00138208553887233,0,0.00488901006948035,0,0.00223766230103139,0.00267955359577289,0,0,0,0,0,0,0,0,0,0.00152311467549196,0,0,0,0,0,0,0,0,0,0,0,0,0,0,0,0,0,0,0,0,0,0,0,0,0,0,0,0,0,0,0,0,0,0,0,0,0,0,0,0,0,0,0,0,0,0
"WL34",0.00291925056076,0.0399046708008972,0.0107369046048291,0.556488322997757,0.00188019527642169,0.00893092756300303,0,0,0,0.00236673703654836,0,0,0,0,0,0,0,0,0,0,0,0,0,0.00136066763425254,0,0,0,0,0,0,0,0,0,0,0,0,0,0,0,0,0,0,0,0,0,0,0,0,0,0,0,0,0,0,0,0,0,0,0,0,0,0,0,0,0,0,0
"WL5",0,0.37392001974821,0.118262980334074,0,0.121451493458405,0,0,0,0,0,0,0,0,0,0,0,0,0.0113552209331029,0,0,0,0,0,0,0,0,0,0,0,0,0,0,0,0,0,0,0,0,0,0,0,0,0,0,0,0,0,0,0,0,0,0,0,0,0,0,0,0,0,0,0,0,0,0,0,0,0
"WL6",0,0.405146070162572,0.0579696858574746,0,0.0932801613494683,0,0,0,0,0.0259748197041926,0,0,0,0,0,0,0,0.0179531842073096,0,0,0,0,0,0,0,0,0,0,0,0,0,0,0,0,0,0,0,0,0,0,0,0,0,0,0,0,0,0,0,0,0,0,0,0,0,0,0,0,0,0,0,0,0,0,0,0,0
"WL7",0,0.43593557391579,0.114120967002516,0,0.118175613035993,0,0,0,0,0,0,0,0,0,0,0,0,0.0231461200704979,0.00420745932619526,0,0,0,0,0,0,0,0,0,0,0,0,0,0,0,0,0,0,0,0,0,0,0,0,0,0,0,0,0,0,0,0,0,0,0,0,0,0,0,0,0,0,0,0,0,0,0,0
"WL8",0,0.221422142214221,0.151719171917192,0,0.270843084308431,0,0,0,0,0.0244944494449445,0,0,0,0,0,0,0,0.00242424242424242,0,0,0,0,0,0,0,0,0,0,0,0,0,0,0,0,0,0,0,0,0,0,0,0,0,0,0,0,0,0,0,0,0,0,0,0,0,0,0,0,0,0,0,0,0,0,0,0,0
"WL9",0,0.397518648784447,0.145267267035133,0,0,0,0,0,0,0,0,0,0,0,0,0,0,0.00405828469833417,0.00177791520117497,0,0,0,0,0,0,0,0,0,0,0,0,0,0,0,0,0,0,0,0,0,0,0,0,0,0,0,0,0,0,0,0,0,0,0,0,0,0,0,0,0,0,0,0,0,0,0,0
